{
  "weights": {
    "win_pct": 0.09331762660974634,
    "point_diff": 0.10155153484001807,
    "strength_of_schedule": 0.09726304097008488,
    "last_10_win_pct": 0.06569972608737655,
    "home_win_pct": 0.0962338024413009,
    "away_win_pct": 0.06244047074622732,
    "neutral_win_pct": 0.08920067249461047,
    "seed": 0.39429312581063547
  },
  "seed_importance": 0.6509635974304069
}