{
  "weights": {
    "win_pct": 0.09087030073162586,
    "point_diff": 0.09937935716055903,
    "strength_of_schedule": 0.09937935716055903,
    "last_10_win_pct": 0.062292714989171084,
    "home_win_pct": 0.09038865602810134,
    "away_win_pct": 0.04960940446302542,
    "neutral_win_pct": 0.07642095962589031,
    "seed": 0.43165924984106807
  },
  "seed_importance": 0.7595078299776287
}